seed,mae,rmse,r2,mape_pct,n_train_geom,n_test_geom,n_test_seen_geom_samples,sample_overlap_frac,n_test_geom_seen,geometry_overlap_frac
0,8.62220132815851,12.336586841392037,0.9166790181450426,8.618578572516071,35,27,95,1.0,27,1.0
1,7.746343286974079,10.535912771505249,0.9361802392882834,7.658602538963217,35,31,95,1.0,31,1.0
2,9.45020426047551,14.156456771694677,0.8917939384577518,8.958156374020225,34,32,94,0.9894736842105263,31,0.96875
3,10.041669067143523,15.46244023891223,0.8447218418485967,9.149266088787373,35,30,95,1.0,30,1.0
4,9.739840173825668,15.212529783819038,0.8509026787701086,8.887140440769581,34,29,94,0.9894736842105263,28,0.9655172413793104
5,7.612322805544908,11.972413777691985,0.913369260640426,7.559401265410187,34,31,94,0.9894736842105263,30,0.967741935483871
6,8.18371206067666,12.002251398881763,0.909924753932955,7.912472886280335,34,32,94,0.9894736842105263,31,0.96875
7,7.956697361966435,12.573283553956061,0.9131353494614411,8.062529116723521,35,28,95,1.0,28,1.0
8,8.168657322820335,12.980808743976421,0.9098564362400856,7.5213651510878625,35,29,95,1.0,29,1.0
9,7.940587026526669,11.664014635624106,0.9264696084870849,7.847909411941183,34,32,94,0.9894736842105263,31,0.96875
10,7.9913366411667806,11.321951303384262,0.9304726055841737,8.315335663166929,34,30,94,0.9894736842105263,29,0.9666666666666667
11,8.554981626087802,13.040272682121316,0.9012127060879318,8.285267105747064,34,32,94,0.9894736842105263,31,0.96875
12,8.16161881748285,11.858688121445624,0.9408402430670186,7.74009138519257,35,30,95,1.0,30,1.0
13,9.086277463353005,13.467798051954354,0.9174149434446193,8.07814443628029,35,30,95,1.0,30,1.0
14,8.234421574078413,12.092474611028214,0.9151324498451631,8.403240930225877,35,28,95,1.0,28,1.0
15,7.6930062110242154,12.060428939623883,0.9263446367177154,7.6086184061327975,34,31,94,0.9894736842105263,30,0.967741935483871
16,8.162060922788768,12.33356005577564,0.9196022396429582,8.118320529439726,34,31,94,0.9894736842105263,30,0.967741935483871
17,8.793659385067052,13.246063802795382,0.8905191639581262,8.779830248265176,35,30,95,1.0,30,1.0
18,9.949515553963392,16.069190250129587,0.8891673689033449,8.80484410132483,35,31,95,1.0,31,1.0
19,9.076177416379245,13.400547481270744,0.9024414174502773,8.24599535100902,35,31,95,1.0,31,1.0
20,7.809974460772068,12.10366169863844,0.9388226876521143,7.069773260542423,33,32,93,0.9789473684210527,30,0.9375
21,7.696442562693846,11.210984272135295,0.9379446476422078,7.5868407597709435,35,28,95,1.0,28,1.0
22,7.354252656797117,12.395321363387206,0.9090213151407677,7.370356299420348,33,31,93,0.9789473684210527,29,0.9354838709677419
23,9.185627812135543,14.350093977742869,0.8291346825002921,9.14581930441662,34,32,94,0.9894736842105263,31,0.96875
24,10.299570168260512,14.544300356862507,0.901264114937234,9.67237116062165,34,30,94,0.9894736842105263,29,0.9666666666666667
25,7.1577429566639745,10.209039845700019,0.9272615634811507,7.651344144310261,35,31,95,1.0,31,1.0
26,7.62307893774663,12.010515810975127,0.8779793006793577,7.645761180020096,34,30,94,0.9894736842105263,29,0.9666666666666667
27,7.982934805619765,12.107270930221988,0.9139293930346033,8.246519093049166,34,33,94,0.9894736842105263,32,0.9696969696969697
28,9.287680687626303,14.1002095788611,0.9084636791728263,8.367079351837582,34,30,94,0.9894736842105263,29,0.9666666666666667
29,9.369029580335077,14.014766643803222,0.8832657489099286,9.475022283855793,34,31,94,0.9894736842105263,30,0.967741935483871
30,8.610956536513182,12.818674483093146,0.9020259721751706,8.754826878745249,35,30,95,1.0,30,1.0
31,8.699725325444135,12.949098899788991,0.907370003453363,8.859609797588334,35,30,95,1.0,30,1.0
32,7.5244791804752955,11.221560426191651,0.9373059447835872,7.513542173600246,35,29,95,1.0,29,1.0
33,6.568028037364941,10.587551712142938,0.9397727194788884,7.327650941502663,34,31,94,0.9894736842105263,30,0.967741935483871
34,7.536603975761961,11.686160552405399,0.897807015658677,7.56265899995365,35,30,95,1.0,30,1.0
35,10.01314576742967,14.952509226912463,0.8580060845408715,9.313004796408654,34,29,94,0.9894736842105263,28,0.9655172413793104
36,7.99669406384166,11.703458309051815,0.917494839129939,7.774334023635868,34,31,94,0.9894736842105263,30,0.967741935483871
37,8.244439521204097,11.645075540632458,0.9184256432284437,8.215588806170961,35,28,95,1.0,28,1.0
38,7.460501965480466,12.828179869351288,0.891831391491107,7.333499208492896,34,33,94,0.9894736842105263,32,0.9696969696969697
39,7.680033081316544,10.656824693144145,0.939778082609878,7.5336225414347595,35,30,95,1.0,30,1.0
40,9.355442081457046,14.158952590842238,0.9035776056304163,8.927552059405018,35,30,95,1.0,30,1.0
41,7.2846729636906105,12.61438554747356,0.9137006675910739,7.481663546392648,35,30,95,1.0,30,1.0
42,7.084540339474518,11.499085709249867,0.9393084760505971,7.0301586684567,35,29,95,1.0,29,1.0
43,8.0518237421629,11.764079568321604,0.9172353987797514,8.08018447716404,34,29,94,0.9894736842105263,28,0.9655172413793104
44,8.851119202659866,13.380601707688747,0.8807106105824277,8.552097803313348,34,32,94,0.9894736842105263,31,0.96875
45,8.458082001473896,12.675201832097672,0.89178931084609,8.053142356415004,34,30,94,0.9894736842105263,29,0.9666666666666667
46,7.6370051714006495,11.054582448172441,0.9286066410426461,7.647427076761999,33,33,93,0.9789473684210527,31,0.9393939393939394
47,7.80489303768268,11.899052636879842,0.9247944831581342,7.920991007988457,34,29,94,0.9894736842105263,28,0.9655172413793104
48,7.476482269686177,11.6133449111369,0.9039549948623888,7.440002550822128,35,29,95,1.0,29,1.0
49,8.41331670490962,12.66417417319201,0.9123814069102023,8.514321585529121,34,33,94,0.9894736842105263,32,0.9696969696969697
50,8.061447711025323,12.050480031466165,0.9252657232702963,7.762505610989534,35,29,95,1.0,29,1.0
51,9.388286179166021,14.441795328008528,0.8668943059457468,9.198096113801139,34,32,94,0.9894736842105263,31,0.96875
52,8.666858296177336,13.680408199633852,0.9095048261663696,7.935885015316037,34,29,94,0.9894736842105263,28,0.9655172413793104
53,6.518686200103775,9.522485013650805,0.9492732733448411,6.801937682214438,35,29,95,1.0,29,1.0
54,8.269406691462164,13.224193059169224,0.89448200697047,8.453882163022982,34,30,94,0.9894736842105263,29,0.9666666666666667
55,8.690424626306534,13.034171092041525,0.9036295509605727,8.278070119780818,35,32,95,1.0,32,1.0
56,8.588385389321207,12.094121314046209,0.9205961530375162,8.265002293428221,34,32,94,0.9894736842105263,31,0.96875
57,8.845543509906566,13.542303261880893,0.9052946360722915,8.383531874915466,35,32,95,1.0,32,1.0
58,9.647563576626712,14.555208203159378,0.8664704524547958,9.368457540264947,33,31,93,0.9789473684210527,29,0.9354838709677419
59,8.014470810050627,11.433435580974402,0.940493127656365,8.0209478750878,34,30,94,0.9894736842105263,29,0.9666666666666667
60,7.48195338195904,13.129299674631616,0.9013077688621992,7.074565154155656,35,29,95,1.0,29,1.0
61,8.070916204117385,12.428428169370575,0.9043788437389408,8.388405170542947,34,31,94,0.9894736842105263,30,0.967741935483871
62,8.863827064470971,12.852839275412318,0.9000071704477773,8.823352661504739,33,31,93,0.9789473684210527,29,0.9354838709677419
63,8.038462547240874,12.409230378623318,0.9270746406533145,7.590221267993866,34,28,94,0.9894736842105263,27,0.9642857142857143
64,7.761077704848765,11.960683513279152,0.9119599389972484,7.760393415699173,35,29,95,1.0,29,1.0
65,8.7503924307472,12.957924549932759,0.8957310816778741,8.676853256938365,35,32,95,1.0,32,1.0
66,7.4850281680124935,11.996373569518529,0.9271169364082983,7.51544975142581,34,32,94,0.9894736842105263,31,0.96875
67,6.601135855007584,10.099581878651636,0.9350324305642506,6.726127023907624,35,27,95,1.0,27,1.0
68,7.221272425978277,10.665358115738973,0.9262665077899043,8.20169297128301,35,31,95,1.0,31,1.0
69,9.626575588689871,14.056488555822554,0.9292015238347736,8.954841871622314,34,31,94,0.9894736842105263,30,0.967741935483871
70,7.939824030000336,12.498239374233576,0.9168362577026635,7.466705291676462,35,28,95,1.0,28,1.0
71,8.729866902539552,12.767841771423793,0.9053884487127831,8.135177809176634,34,31,94,0.9894736842105263,30,0.967741935483871
72,8.480130190908845,11.91670199528452,0.9180428718721844,8.299106180132961,35,31,95,1.0,31,1.0
73,7.716968200181361,11.216402242079027,0.9362747879795332,7.898836041495532,35,30,95,1.0,30,1.0
74,7.351318196737534,11.096867649175273,0.8941273703247777,7.596240320762629,35,29,95,1.0,29,1.0
75,7.788494489085913,10.69612561789552,0.9114447953277032,8.288705401091098,34,31,94,0.9894736842105263,30,0.967741935483871
76,9.872031621128123,15.748847365425021,0.901746458233441,8.213134254191797,33,32,93,0.9789473684210527,30,0.9375
77,7.762285210076491,11.050316147526683,0.9322898738864143,7.585638845468733,32,33,92,0.968421052631579,30,0.9090909090909091
78,7.982298011288648,11.818496650306527,0.9317700631512695,8.018435009020234,35,29,95,1.0,29,1.0
79,7.38802748546106,11.219085073537487,0.9183739117809828,7.622871321364593,35,31,95,1.0,31,1.0
80,9.483019312680392,14.564841474496346,0.9095853094593778,8.207106565135872,34,32,94,0.9894736842105263,31,0.96875
81,8.47778716439717,13.2153899451908,0.8894142546228321,8.338504951008144,34,30,94,0.9894736842105263,29,0.9666666666666667
82,8.226362335056233,13.104281522221982,0.8904994938882268,7.821808547640768,35,30,95,1.0,30,1.0
83,7.503049113113454,9.926440145109732,0.9358907351549085,8.24512817785774,33,29,93,0.9789473684210527,27,0.9310344827586207
84,9.25651481644828,14.061710583072596,0.8501747681564145,8.882813427972035,35,32,95,1.0,32,1.0
85,8.599682094777929,13.183649470092789,0.8934642341745068,8.164920101158527,34,31,94,0.9894736842105263,30,0.967741935483871
86,7.954277325895866,11.758050524685729,0.9300431928820077,7.75490150406009,34,27,94,0.9894736842105263,26,0.9629629629629629
87,9.534149371919405,13.602539836443484,0.9174180215232192,8.978155962139024,35,30,95,1.0,30,1.0
88,7.445803178916071,11.111798643538007,0.9323874515066443,7.0829545291682106,34,31,94,0.9894736842105263,30,0.967741935483871
89,8.439532595480065,12.17250574777943,0.909504793347792,8.682895495421588,34,32,94,0.9894736842105263,31,0.96875
90,7.112544018501371,11.745874214285354,0.8882502473824445,7.901010424847099,34,31,94,0.9894736842105263,30,0.967741935483871
91,7.936961509251063,12.245524500834273,0.9116675037298954,7.872742935001212,35,30,95,1.0,30,1.0
92,9.045380115811538,12.9002774270427,0.8848809582925988,9.372731601862561,33,33,93,0.9789473684210527,31,0.9393939393939394
93,10.411290348260982,15.649032796322638,0.8776566036099772,9.222038638843816,32,34,92,0.968421052631579,31,0.9117647058823529
94,7.95432304306627,11.934685024225669,0.9187842695121335,8.123500314355653,35,31,95,1.0,31,1.0
95,8.070651077540973,11.413174567309765,0.9268158435753623,7.889129502601628,35,29,95,1.0,29,1.0
96,8.157869924151477,11.877507981856485,0.9209207397963564,8.351440773043906,35,31,95,1.0,31,1.0
97,8.74771145893854,13.332619867075248,0.91720853053815,8.674272908288547,35,29,95,1.0,29,1.0
98,7.398693902744847,10.859846649962863,0.9293900707752756,7.790105312696475,34,31,94,0.9894736842105263,30,0.967741935483871
99,7.646956135120829,10.794191739839295,0.9419437521914726,7.74830795151849,34,32,94,0.9894736842105263,31,0.96875
