model,protocol,mae,rmse,r2,mape_pct,n_train,n_test,seed
RF,R,9.185826252744038,13.404158966078606,0.9016343473192008,9.059889540454423,379,95,0
RF,R,7.590613239930718,10.598838720678573,0.9354156331863968,7.761517944954003,379,95,1
RF,R,9.260993402401958,14.653838573063545,0.8840568055527211,9.018437867465732,379,95,2
RF,R,10.135818262223003,15.616605886688081,0.8416100567566984,9.401222069749062,379,95,3
RF,R,9.538956366242447,14.63577551438533,0.861993851117925,9.15485147506393,379,95,4
RF,R,7.701972398500371,11.720405861202929,0.9169778670569562,8.237624718301879,379,95,5
RF,R,7.89211410649833,11.583606682146145,0.9160989058968055,7.719312840887066,379,95,6
RF,R,8.869928745514384,13.633809112714529,0.8978637107630421,8.97122268447157,379,95,7
RF,R,7.736520044372981,11.910880424681658,0.9241039889758731,7.743702821004128,379,95,8
RF,R,9.066317366012955,12.902376447441693,0.9100274178693663,8.933281864725695,379,95,9
RF,R,10.165736013514772,14.433319102752277,0.8870084891293603,10.353936565184647,379,95,10
RF,R,9.745039165323604,13.867089024798599,0.8882883798458593,10.195955504664163,379,95,11
RF,R,9.154415895369752,13.153850672351423,0.9272121484610982,8.897240766002836,379,95,12
RF,R,9.273082993036773,13.289901815115174,0.9195822673374265,8.594032933623948,379,95,13
RF,R,9.155671891514304,12.914165119923165,0.903206996295442,9.62779285349391,379,95,14
RF,R,9.255374579757735,13.422587363120794,0.9087671280787251,9.459917770321649,379,95,15
RF,R,7.867283321355731,11.567042316381583,0.9292849758855526,8.32075322742177,379,95,16
RF,R,9.103715587947892,13.018543693391617,0.8942478440408009,9.583889862762312,379,95,17
RF,R,10.703899267209112,15.840599432849313,0.8922982197632248,10.147633922111886,379,95,18
RF,R,9.325477077517869,13.229042895022028,0.9049226108779774,8.757983356860992,379,95,19
RF,R,7.903129883759593,11.766854391222564,0.942180064990578,7.466177211879593,379,95,20
RF,R,8.317781049252988,11.58040803796901,0.9337875765928851,8.450244938731093,379,95,21
RF,R,8.125473825824418,12.902530618128022,0.9014233921164816,8.695208537395901,379,95,22
RF,R,10.203016625510772,15.359223654024618,0.8042584800596535,10.476592009314563,379,95,23
RF,R,10.934423770383617,15.305334474527575,0.8906610235732958,11.053446371781922,379,95,24
RF,R,7.0624321890445545,10.7831697039769,0.9188502765043498,7.540849548634195,379,95,25
RF,R,8.181775140883882,12.110823705115138,0.8759326358544002,8.428888052153646,379,95,26
RF,R,8.152062209707461,12.673836632912963,0.9056854812239847,8.79483668386188,379,95,27
RF,R,9.5929298993486,14.213873590935927,0.9069819535129263,8.97942346480663,379,95,28
RF,R,9.785511354398635,13.780030952991918,0.8871434042366086,10.254420655076192,379,95,29
RF,R,8.13852196047623,12.275536021335766,0.9101525709632707,8.746061680768833,379,95,30
RF,R,9.83401590084673,14.227756802941279,0.8881733233444087,10.324895203926756,379,95,31
RF,R,7.288900842472482,10.996019040310895,0.939800785620195,7.7041622084105175,379,95,32
RF,R,6.851938872752561,9.614323279716563,0.9503362388273205,8.018386451479174,379,95,33
RF,R,8.273421983391554,13.254230120314814,0.8685421885160227,8.456591377544708,379,95,34
RF,R,10.374110422582598,15.273110492991,0.8518517369101256,10.069788174656761,379,95,35
RF,R,8.724186480447507,12.4078685371939,0.9072642780110767,8.78016921074182,379,95,36
RF,R,8.77801683537978,12.020063072172684,0.9130874422828947,9.113905131953828,379,95,37
RF,R,7.343794355942179,11.919261242748432,0.9066165663303698,7.77725404255571,379,95,38
RF,R,8.115454504259441,11.24084117807099,0.932996643504032,8.578307821124266,379,95,39
RF,R,9.35329571538006,12.724786753945047,0.922121660580772,9.347800853658713,379,95,40
RF,R,7.8320169257409695,12.304883471037325,0.9178835350202903,8.526772225901652,379,95,41
RF,R,7.915318098959585,11.925988751049907,0.9347184869959755,7.818625432386393,379,95,42
RF,R,7.595468801241231,10.45356201916248,0.9346482351036896,8.119748923132006,379,95,43
RF,R,8.903265961173132,13.301338106883158,0.882119710295676,8.990795239035728,379,95,44
RF,R,8.739579958678297,12.87191960770071,0.8884044098293914,8.924524661463654,379,95,45
RF,R,7.974005826327626,10.808229913467345,0.9317532023044723,8.52411732953209,379,95,46
RF,R,8.135053490634878,11.833707321363578,0.9256182183772292,8.705950860573225,379,95,47
RF,R,8.441646673867501,12.086091433136588,0.895976398503543,8.488446876969999,379,95,48
RF,R,8.125157315847172,11.47158288752079,0.9281065672742713,8.940980840004075,379,95,49
RF,R,9.188488490268957,13.254206530367979,0.9095895547151738,9.087733465362744,379,95,50
RF,R,10.70015803751443,15.489682008433235,0.8468774098048408,10.96406017601218,379,95,51
RF,R,8.442975103700046,12.974215097724871,0.918606543137563,8.110568668399361,379,95,52
RF,R,7.5159741903120425,10.96883457489757,0.9326934676004468,8.194760546262016,379,95,53
RF,R,7.713318379124023,11.095118469685548,0.9257233944463292,8.415609735267443,379,95,54
RF,R,9.455170323789146,13.689246040686532,0.893699304443207,8.945789047305608,379,95,55
RF,R,7.954568698770225,10.62902936514689,0.9386689900727304,7.999135012540027,379,95,56
RF,R,9.020021029080793,13.859167879253361,0.9008109300110742,8.812966637054148,379,95,57
RF,R,9.322869792262619,14.074101044685442,0.8751519215146774,9.44197020311741,379,95,58
RF,R,8.537308815785238,12.33026545999158,0.930791652515594,8.593807658408148,379,95,59
RF,R,8.320771069672363,12.071835364522022,0.9165653491878878,8.622538325261326,379,95,60
RF,R,8.69887259195547,12.587000624741107,0.901923245686785,9.741036302168775,379,95,61
RF,R,9.973142653307383,13.467370004342733,0.8902166980599489,10.063851070495563,379,95,62
RF,R,9.04963601858977,13.12586680939207,0.918408509041509,8.926786389102299,379,95,63
RF,R,8.788438345644714,13.413611662714526,0.8892714035593364,8.761127816525558,379,95,64
RF,R,9.726144536080039,12.895888451398779,0.8967270672674977,10.144711676076774,379,95,65
RF,R,8.498782264408028,12.25049622514969,0.923996425375064,8.622457582243612,379,95,66
RF,R,6.444941932980172,9.23363588266248,0.9456955624691871,7.386486948477744,379,95,67
RF,R,8.289162340898926,11.319360822897035,0.9169465406215523,9.437812045826671,379,95,68
RF,R,9.942456521566301,13.485112664089932,0.9348402541161892,9.505259100584697,379,95,69
RF,R,8.441104030249157,12.9366946641471,0.9108989128102996,8.928239278020847,379,95,70
RF,R,9.452829661175437,13.829681348251265,0.8889973040631826,9.01302781625568,379,95,71
RF,R,9.06407900642673,12.560749074771577,0.9089446111017282,8.701981843571833,379,95,72
RF,R,8.050754301016976,11.06009750212871,0.9380384819832128,8.943019859160652,379,95,73
RF,R,8.749203046316847,12.395722286628438,0.8678927770763106,9.279426564859046,379,95,74
RF,R,7.870870038388878,11.017856221827822,0.9060373399275452,8.170107269458736,379,95,75
RF,R,10.758203310115839,16.381789487803687,0.8936901884857037,9.435914839787678,379,95,76
RF,R,7.739052089404609,11.238537832112272,0.9299635958987486,8.156321200116158,379,95,77
RF,R,8.173876369194875,11.974468901234655,0.9299572776793698,8.426914967179046,379,95,78
RF,R,8.518436682146218,12.573212087115902,0.8974804752043279,8.906906046806123,379,95,79
RF,R,10.072639873976918,15.409211394243886,0.8987981847797453,9.257689647186567,379,95,80
RF,R,8.742770663875703,13.179589628049046,0.8900125937299506,8.982973053775451,379,95,81
RF,R,9.088214408255675,13.22768781901417,0.8884273955700996,9.181287704108282,379,95,82
RF,R,7.732673074325053,10.632760962768415,0.9264426895327827,8.49314814271203,379,95,83
RF,R,10.192163434309899,14.68894670322618,0.8365104650907468,10.047412669030289,379,95,84
RF,R,7.950690496242683,10.91740369857565,0.9269428246505914,8.18778791548573,379,95,85
RF,R,7.53114832896553,10.357006486195441,0.9457215006495625,8.149351204202542,379,95,86
RF,R,9.140390752134925,12.437813493501173,0.9309548224218087,9.281932429543861,379,95,87
RF,R,9.47255521335797,13.223151668819545,0.9042522585033096,9.053092719425281,379,95,88
RF,R,8.986431500087683,12.824350310721938,0.8995531446568615,9.284522338023706,379,95,89
RF,R,7.411762072592704,11.468306617783481,0.893469376089248,8.385777988791393,379,95,90
RF,R,8.923453292515648,13.041183159986275,0.8998156904194117,9.162590570357573,379,95,91
RF,R,8.321787328240756,12.28780598689404,0.895552570384793,8.7930725790411,379,95,92
RF,R,9.873927401415932,14.472370878874926,0.8953630918596268,9.298836171997928,379,95,93
RF,R,8.569133920446772,12.461997677190933,0.9114489809751802,8.392737191465624,379,95,94
RF,R,8.69974730363407,12.453199009864957,0.9128703422355516,8.846228491363636,379,95,95
RF,R,8.728280289314062,12.46665652028525,0.9128811921286997,9.310680767066875,379,95,96
RF,R,9.680377507501001,14.585897591997064,0.9009120331853842,9.433179130415951,379,95,97
RF,R,7.917116599996579,11.91546941240642,0.9149957376348673,8.440378413323565,379,95,98
RF,R,8.399037901878987,12.51402935754948,0.9219697413937086,8.543031624463659,379,95,99
RF,G,10.692670537311916,15.061933281074763,0.9023364585329777,10.75557952246793,379,95,0
RF,G,7.128551918387329,10.869943042797141,0.8596201861782141,9.249490459534035,379,95,1
RF,G,7.212529181027077,9.398303869066734,0.893946176666817,10.042359053318197,379,95,2
RF,G,9.195695799014143,13.379319830175122,0.9296311984010175,9.473290815307674,379,95,3
RF,G,12.406468146839616,17.48461911290252,0.8712111950556685,11.857523209972106,379,95,4
RF,G,8.807020572097473,11.81475554066412,0.9175917012712,9.624756606776701,379,95,5
RF,G,10.988398394439901,15.381720805655899,0.8957504208842026,11.009619118473307,379,95,6
RF,G,9.960580154866397,14.2762056372963,0.905563228765741,9.760371342581987,379,95,7
RF,G,14.639796683254213,19.486036073544934,0.8352040259190319,13.606764108647093,379,95,8
RF,G,10.068028729208816,16.411982756193712,0.883602206287942,9.023173441698756,379,95,9
RF,G,10.973548469698803,14.877752144521882,0.8659091849496388,11.95530338398783,379,95,10
RF,G,9.382339079466542,14.011328107852275,0.9058078312440446,9.131438008426239,379,95,11
RF,G,9.987818681647315,14.921199846366367,0.8896575834393078,9.432965782186427,379,95,12
RF,G,12.506081918426618,17.53515562195986,0.8533171266251135,11.66997370935723,379,95,13
RF,G,9.489884069542962,14.38567499380951,0.911890712908581,8.133119729065402,379,95,14
RF,G,9.061081029574591,14.597182230719993,0.9077053264241618,8.748675401212257,379,95,15
RF,G,8.8620730615783,13.718762674619022,0.9144284604869432,9.12552061089939,379,95,16
RF,G,8.934692409603652,12.951331597266394,0.9187454229373503,9.350254591401987,379,95,17
RF,G,8.501024837466211,12.700183019878315,0.9105341732592395,9.916142251882265,379,95,18
RF,G,11.494639835473519,16.11228415822368,0.8731771893726247,11.492697049567518,379,95,19
RF,G,8.87952395973949,13.780498150156141,0.8949835120602739,9.044233837119936,379,95,20
RF,G,11.829547181757473,16.51138431405707,0.8922381231744387,10.836047408433169,379,95,21
RF,G,11.622549317556391,17.3109811280276,0.8799836330649314,10.641718552694423,379,95,22
RF,G,8.43017996783067,11.371447806799099,0.8809674145505553,11.098190494159674,379,95,23
RF,G,9.6412353977291,13.797192191254936,0.8863855213474694,10.488293785864197,379,95,24
RF,G,9.52887859315089,14.393436083419417,0.9068689142196198,8.643409822140415,379,95,25
RF,G,10.390140316492115,14.92057970418483,0.8887356663148868,9.905636135799742,379,95,26
RF,G,13.384735308637104,20.177214191879994,0.8175103916543249,10.426656200729473,379,95,27
RF,G,12.318181756100918,17.18734467908676,0.8614421658004024,11.363269821123469,379,95,28
RF,G,12.261723883681693,17.958775659182745,0.8342011309779422,11.324306839625851,379,95,29
RF,G,11.22884286007063,15.868177337578352,0.868774301725022,11.220477459561971,379,95,30
RF,G,9.23113196896499,13.331807808533169,0.9160209368671324,9.844941671785994,379,95,31
RF,G,9.89562629592642,14.256885759001598,0.8768532484711733,10.174694994907812,379,95,32
RF,G,12.361266010052766,15.613354119037389,0.8488989061041373,13.416108893063264,379,95,33
RF,G,13.47589914072163,19.096171656155423,0.8373924572886644,12.901066512205178,379,95,34
RF,G,10.526541939545028,14.973780829456635,0.8952567083419093,9.540919267231455,379,95,35
RF,G,12.675854244557453,17.164793071528578,0.8682310878929641,11.030992955203347,379,95,36
RF,G,12.227160301166956,16.724422314346967,0.8754500380381005,10.84003528081506,379,95,37
RF,G,12.965490567221554,17.174421810300824,0.8752499806586931,12.14382324914765,379,95,38
RF,G,12.41442775235094,16.5130877686839,0.8585856064957815,11.86316811827477,379,95,39
RF,G,15.048872121841715,19.939893928271143,0.8153288999152122,12.270593528720386,379,95,40
RF,G,13.691387439523828,19.212960944885555,0.8464623704870862,11.395916110637835,379,95,41
RF,G,11.280697669703503,15.458978978179866,0.8369883609752717,10.861281774005251,379,95,42
RF,G,12.190956912125479,16.47848538906584,0.8163111749838392,11.795192850933084,379,95,43
RF,G,7.917136436627192,12.5243792036057,0.9116981748377537,8.164433035806724,379,95,44
RF,G,10.912403531371757,16.584754699713066,0.8515708209926821,10.326149029726867,379,95,45
RF,G,12.449835019577465,16.151753356683454,0.8506877521716381,12.12499386233091,379,95,46
RF,G,10.879184866133203,16.404811689311966,0.8430724195297677,9.498630724487953,379,95,47
RF,G,9.670815394419536,12.728533789590116,0.9101030276124523,9.154354533407204,379,95,48
RF,G,11.008759173222572,15.92774762364072,0.886637566757334,10.242887518159739,379,95,49
RF,G,11.300738170220118,16.306592047469426,0.8580121517301468,11.636549758461621,379,95,50
RF,G,10.746637403481635,15.5045543205278,0.8898941965664274,9.75250981873474,379,95,51
RF,G,9.615367466395421,13.855834292474745,0.8922875479200626,9.519268360497213,379,95,52
RF,G,10.767248839076917,14.9063773060836,0.8383219863505758,10.627631422876224,379,95,53
RF,G,11.170048194494361,15.156172005673888,0.846255976995052,10.840233767850242,379,95,54
RF,G,12.407774116674243,17.44044250863709,0.8368076279284997,11.188660349823722,379,95,55
RF,G,14.895478195610416,20.381678478199834,0.775107889322311,12.995134801508032,379,95,56
RF,G,11.259252248549924,15.061540264221641,0.8510678749042552,11.042812506664873,379,95,57
RF,G,10.392779803817337,14.748072492008946,0.8772504149147698,10.039726269621003,379,95,58
RF,G,10.658611175232403,16.27066631495661,0.8818384813364356,9.000810843424569,379,95,59
RF,G,11.520016744557722,16.40860061682346,0.8750517035464752,10.173066580813375,379,95,60
RF,G,11.867619336913314,16.456321363378656,0.8665470357050074,10.301081387233511,379,95,61
RF,G,14.124629261127348,18.8009858860537,0.7898484057700104,14.017832765067256,379,95,62
RF,G,14.221437177978393,18.68401580710125,0.7962382595757119,12.80946918242919,379,95,63
RF,G,12.064951474367485,16.256996967884152,0.8693269180869538,11.08844304058907,379,95,64
RF,G,10.578372827401148,15.215240856309514,0.8669105112737882,10.617463290816758,379,95,65
RF,G,7.863133994705602,10.955968905707792,0.9145468153049765,8.724127247432763,379,95,66
RF,G,8.74314719397991,12.357356535606055,0.917133068389367,8.850970033895548,379,95,67
RF,G,9.41431534880791,13.736547270980282,0.8708002631974061,10.14470614385823,379,95,68
RF,G,10.616249297185282,14.466020363192685,0.8983606547679726,11.052741026571775,379,95,69
RF,G,11.679838137259702,16.842274038096058,0.8574463632236144,10.79028052004186,379,95,70
RF,G,11.92858888587792,14.997781347446027,0.8496763979702016,14.825714562693602,379,95,71
RF,G,12.596433185218755,17.633215734471804,0.8472030941161963,11.455398909841032,379,95,72
RF,G,15.93523392126162,20.196064140761454,0.8247194364094659,14.75358283985935,379,95,73
RF,G,13.280596821651056,16.932666768902795,0.8338293379467032,14.983439033026086,379,95,74
RF,G,13.98204277645664,19.202539059696036,0.8331718951073751,13.918406801611502,379,95,75
RF,G,13.120460317842605,16.84122742851823,0.8749355069664525,12.48731253752793,379,95,76
RF,G,7.833034881594693,11.879089461918332,0.8894090289984743,8.470223362422148,379,95,77
RF,G,10.338394726202669,16.10707726192242,0.8423352105331011,9.32735432956216,379,95,78
RF,G,11.634397854275846,16.669973955702797,0.8090481659760062,11.485130868148461,379,95,79
RF,G,9.13959308563845,12.675692239903235,0.9087134854257124,8.28029562302255,379,95,80
RF,G,12.798360301428705,18.376122135583362,0.8145453020649679,11.174821247499898,379,95,81
RF,G,11.028673680996352,15.232356470794029,0.8451700871192852,10.520933634743836,379,95,82
RF,G,8.332094200051662,12.648742514386871,0.8376156553826609,10.011170898202613,379,95,83
RF,G,8.376524048649921,12.83460600808459,0.9073591528518506,7.375579011337001,379,95,84
RF,G,10.411993549161313,15.168250197784838,0.8860338818926542,9.168163684377276,379,95,85
RF,G,13.281293197026377,18.549159556186975,0.8300178542102017,11.903237597136917,379,95,86
RF,G,13.964852947359251,18.74219011437956,0.7966840482256763,12.957561619701277,379,95,87
RF,G,12.833259322061332,16.401121878078854,0.8526889358024436,12.732533343430344,379,95,88
RF,G,14.023376438293331,18.67004966426872,0.7904446458567813,12.157668680918649,379,95,89
RF,G,15.648909736876435,19.395961856288952,0.7746080151273091,13.795848296068163,379,95,90
RF,G,16.74815972829182,20.93343076112391,0.7607302643214435,13.940706809479014,379,95,91
RF,G,10.334323456482457,13.93768721217951,0.8659864492441126,9.93794338399226,379,95,92
RF,G,14.4927405730701,20.367740211992725,0.7843273399374241,11.369945895133906,379,95,93
RF,G,16.109629452457643,22.44113025338434,0.7515005103894793,13.218864828237322,379,95,94
RF,G,15.59709387235992,20.50994325580697,0.7610512464351432,13.586214634949187,379,95,95
RF,G,13.505925195701778,18.19168516978137,0.8343162033206379,12.18946519071146,379,95,96
RF,G,13.939445867196879,18.551075037870657,0.776510548534156,11.60234506036976,379,95,97
RF,G,11.704103968216955,14.92914463921922,0.8526437814962918,11.392177648463168,379,95,98
RF,G,12.881814933189885,18.636848754546634,0.8582048286904715,11.064133718734462,379,95,99
MLP,R,9.824091969324893,13.171860925423722,0.9050142159893374,10.582933377130415,379,95,0
MLP,R,10.076758347241098,13.631825956361892,0.8931636839951502,10.865145887161686,379,95,1
MLP,R,10.664549762374993,16.827355846544197,0.8471117134839162,10.841591449530789,379,95,2
MLP,R,11.3238258675534,16.17491339194462,0.8300824526885455,11.27441389974653,379,95,3
MLP,R,11.10310998387893,15.723071374886786,0.8407271580003918,11.893169019842938,379,95,4
MLP,R,8.71410372256938,12.329844389809308,0.908119409853875,9.68205247620065,379,95,5
MLP,R,10.550202505387599,14.071568578082848,0.8761873434989877,11.089289233450769,379,95,6
MLP,R,9.915260248509982,15.436782184967578,0.8690639577736388,10.598563647679063,379,95,7
MLP,R,9.854875609856059,13.356966733774907,0.9045563784718316,10.673911396657006,379,95,8
MLP,R,9.750832867207976,13.247418839472168,0.9051508809578102,10.550718423923934,379,95,9
MLP,R,9.472898965707254,12.5086385714599,0.9151340500044935,10.655059169822533,379,95,10
MLP,R,11.649644345897176,16.013672770419824,0.8510262868857854,12.310142627486687,379,95,11
MLP,R,10.85803606099842,15.472831152713663,0.8992853474754929,10.90466242255957,379,95,12
MLP,R,10.214524073864462,14.220597854557836,0.9079245203970037,10.442435476716856,379,95,13
MLP,R,11.26349284592369,15.817912323933284,0.8547856199030298,12.080904090648108,379,95,14
MLP,R,10.357183674411823,13.669508290602806,0.9053796275826187,11.761380500063636,379,95,15
MLP,R,10.07258233138523,14.273508958163559,0.8923216111102807,11.037596834121986,379,95,16
MLP,R,10.237014705418458,14.153929546042669,0.8749975632712108,11.06319332890254,379,95,17
MLP,R,11.028182813340045,14.858255675671371,0.9052421250568612,11.344847835056848,379,95,18
MLP,R,10.337533918652813,13.148996279622152,0.9060697230293622,10.975995282293367,379,95,19
MLP,R,9.697175924575715,14.783238764749797,0.9087367305412933,9.693561410086833,379,95,20
MLP,R,10.349001223810397,13.738615187693554,0.9068082047745045,11.365928956023176,379,95,21
MLP,R,10.999612670970635,14.249241399763568,0.8797714634127888,12.648214936388843,379,95,22
MLP,R,10.687986033097053,15.091757477479675,0.8110164240350248,11.61414205315988,379,95,23
MLP,R,11.787819217894015,16.413233150912497,0.8742587910406237,12.091019482201727,379,95,24
MLP,R,9.437103782567403,13.356805056863545,0.8754914030922923,10.453314071811937,379,95,25
MLP,R,10.997861155382134,15.488786076595508,0.7970706079817684,11.472954514275722,379,95,26
MLP,R,8.414515723709021,11.082953563356563,0.9278770684673925,9.780698707091199,379,95,27
MLP,R,10.748979709422679,14.303329683045215,0.9058074368829876,10.831447628538635,379,95,28
MLP,R,10.531029723293992,14.516326403412261,0.8747608793840249,11.21504616756349,379,95,29
MLP,R,11.035666916101125,15.343336244647336,0.8596332225451246,11.889780854072807,379,95,30
MLP,R,11.169431239350958,16.282292702681207,0.853545180625912,11.667822116228031,379,95,31
MLP,R,8.973742939273398,12.16428556603285,0.9263295926509092,9.782818229426693,379,95,32
MLP,R,8.65298922468386,12.063371715176238,0.9218120935039958,10.797434020353412,379,95,33
MLP,R,9.548636689282507,14.664120103947276,0.8390876406298651,10.152193752726138,379,95,34
MLP,R,11.870237304039078,15.932470362570882,0.8387841210614101,12.503218378146597,379,95,35
MLP,R,10.223702651002112,14.626053253026488,0.8711433040402222,10.312420435688738,379,95,36
MLP,R,9.41368944540496,12.173018425857725,0.9108614435705149,10.287956772929965,379,95,37
MLP,R,9.779609101528658,13.391342177665651,0.8821256322841766,11.090942831621769,379,95,38
MLP,R,8.667371189439727,11.490526029908205,0.9299869886885307,9.464514671223201,379,95,39
MLP,R,9.312379045962105,12.548757344651918,0.924261430289789,9.830863535391966,379,95,40
MLP,R,9.178544875724373,13.388678054296898,0.902781115877052,10.100563100314892,379,95,41
MLP,R,9.406198271994853,13.526311404261575,0.9160230332697507,10.079320919808925,379,95,42
MLP,R,9.41763081205415,12.263248306610118,0.9100627168300729,10.808032238931672,379,95,43
MLP,R,10.943301817435962,15.181151311837494,0.8464464198849828,11.361442281476581,379,95,44
MLP,R,10.933671090973831,16.37968467029679,0.819294459048509,10.953536675500091,379,95,45
MLP,R,9.04872056541628,12.524499633754948,0.9083581394330029,9.909425630500968,379,95,46
MLP,R,10.000856062746974,12.906430373914864,0.9115216093411496,11.11658889340137,379,95,47
MLP,R,10.311419196455713,13.841085404541134,0.8635729677787243,10.546844949913476,379,95,48
MLP,R,9.261336156447461,11.97233899432028,0.9216930089942528,11.076288271941465,379,95,49
MLP,R,10.992567213818315,15.043129956787979,0.8835371118933308,11.148924395851768,379,95,50
MLP,R,9.848616365423538,12.167284087234385,0.9055196356782657,11.882604724594948,379,95,51
MLP,R,9.389774374543345,13.708224267277643,0.9091364484186554,10.08538007695852,379,95,52
MLP,R,9.60570809251886,13.712969065049212,0.8948039977926476,10.665531902872587,379,95,53
MLP,R,9.00946521698223,12.416903435257078,0.9069717678616205,9.836636309348288,379,95,54
MLP,R,10.939308083488006,14.49780157394369,0.8807711512298952,11.516993059970856,379,95,55
MLP,R,9.692603832196939,12.778372039119846,0.9113570993200859,9.95517676171743,379,95,56
MLP,R,9.526758993825702,13.069886698872933,0.9117868861124444,9.89924277966156,379,95,57
MLP,R,10.404332625182242,13.584400230925711,0.8836888177423211,11.27879827045703,379,95,58
MLP,R,9.194667551249005,12.186988312300013,0.9323907037378638,9.931852893451158,379,95,59
MLP,R,10.813848815752506,14.951501772411337,0.8720119335286904,11.848725464405733,379,95,60
MLP,R,10.234788966473056,14.497631303633865,0.8698885013292545,11.539553669035575,379,95,61
MLP,R,9.88038634432349,13.57136825023553,0.8885146056288744,10.138330981252091,379,95,62
MLP,R,9.414604497302623,13.138408558578497,0.9182525134168158,9.760962715045855,379,95,63
MLP,R,9.040380556221029,12.863818683474207,0.8981623996719728,10.226929976633064,379,95,64
MLP,R,10.376738366619326,13.534524954099316,0.8862451272867645,11.211482187193983,379,95,65
MLP,R,8.496846588999484,12.675413847189871,0.918632503753897,9.425056554690258,379,95,66
MLP,R,9.177148873270117,13.0919733471805,0.8908308181913223,10.263189625477462,379,95,67
MLP,R,8.352991684073832,11.182535348341538,0.9189422624070084,9.304449711292499,379,95,68
MLP,R,10.318139874516882,13.627909729508719,0.9334529635316157,10.664786078962354,379,95,69
MLP,R,8.967597487911032,13.543878834110275,0.9023387076316975,9.421887579864615,379,95,70
MLP,R,10.440823550791219,13.98350379068739,0.8865142875424593,10.869550299837922,379,95,71
MLP,R,9.442716894751777,12.25817784614809,0.9132785741380245,10.200849418380415,379,95,72
MLP,R,9.628096235336765,13.050824327823346,0.9137259818101682,10.577399203085395,379,95,73
MLP,R,10.220744751681927,12.575883845791704,0.8640247322742183,11.773885624224842,379,95,74
MLP,R,9.847973148682913,13.229690680485053,0.8645245874965033,11.015824734401745,379,95,75
MLP,R,10.884684104799174,14.384887149769687,0.9180283673859465,10.594081969856163,379,95,76
MLP,R,9.570287612061165,13.196444722004085,0.9034353652961044,10.333571830034828,379,95,77
MLP,R,9.294789217042448,12.578687220707918,0.9227103869931002,10.101215587182963,379,95,78
MLP,R,10.034522572853932,13.683059533791914,0.8785827101450384,11.66547648591407,379,95,79
MLP,R,11.310203223267258,15.440357203217953,0.8983886637704739,11.26695497854526,379,95,80
MLP,R,10.333501952419999,13.514930292506692,0.8843443630003286,11.134704441841453,379,95,81
MLP,R,10.727281566667928,15.464536192157649,0.8475022289464657,11.051786558059016,379,95,82
MLP,R,10.55449263327311,14.836881844257839,0.8567749387577459,11.420060971752209,379,95,83
MLP,R,11.668703924154347,15.746993810174928,0.8121098722092462,11.901893609148663,379,95,84
MLP,R,9.50716323550167,11.783321257482699,0.9148941185649344,10.863128019831082,379,95,85
MLP,R,9.689621111708584,12.875172088993562,0.9161186482167089,10.532805497651369,379,95,86
MLP,R,10.053043607199768,13.958713529102072,0.9130366904381005,10.925811283288889,379,95,87
MLP,R,10.629495213407907,14.458017456638366,0.8855341152208218,10.522849996213415,379,95,88
MLP,R,12.69466484979235,16.450966025857326,0.8347093032029008,13.99465089222842,379,95,89
MLP,R,9.021989913969545,12.311282806450604,0.8772327593930594,10.459465028084255,379,95,90
MLP,R,8.488819812293942,12.380870791519518,0.9097040850215503,9.535382674988327,379,95,91
MLP,R,10.919239594062544,13.735790159448184,0.8694862222758514,12.552771118974773,379,95,92
MLP,R,10.136176558296688,15.188216062241034,0.8847558034015987,10.173411517710154,379,95,93
MLP,R,9.740704672282636,13.270420337756592,0.8995875439432224,10.436557567020772,379,95,94
MLP,R,13.132534440092265,18.215062606404345,0.8135915961152321,14.126534176621783,379,95,95
MLP,R,11.009830188892211,14.421579346333893,0.8834163673621656,12.185243630858842,379,95,96
MLP,R,9.07561565112276,11.661642617606825,0.9366605842674914,9.971747707569014,379,95,97
MLP,R,8.525991982480672,12.456971998740707,0.9070940845016677,9.242988209415167,379,95,98
MLP,R,8.942289247474971,12.071171706099982,0.9273948273578181,9.342562844452317,379,95,99
MLP,G,15.93245614909114,21.6360117234828,0.7984766166964838,17.297111712271622,379,95,0
MLP,G,10.254143262793447,12.518562595224672,0.8138088408515882,15.91885729190314,379,95,1
MLP,G,13.321685506860499,16.294069665156357,0.6812233501830492,20.84035633337546,379,95,2
MLP,G,17.354400831106283,22.202005279118804,0.8062255615871424,19.06687271596727,379,95,3
MLP,G,20.4752890808002,27.205440161829536,0.6881991642556964,20.705350620934716,379,95,4
MLP,G,18.358903050516012,22.019977419814392,0.7137435988788783,20.602823530815513,379,95,5
MLP,G,24.400132836382085,30.701714592440236,0.5846734236160891,25.722747279738513,379,95,6
MLP,G,19.874953506507946,26.665080621843995,0.6705410253351856,20.4347483681794,379,95,7
MLP,G,20.346999588600827,25.219512362828723,0.7239593996619553,22.039786370796506,379,95,8
MLP,G,20.077818380287965,26.899623735325665,0.6873092350052761,21.285957898976985,379,95,9
MLP,G,17.447984985775747,21.862904139756804,0.7104389831354363,20.692810992566972,379,95,10
MLP,G,17.408452763399666,24.29543604678648,0.7167919548803716,19.079153219158272,379,95,11
MLP,G,19.994378111204657,24.826806030163283,0.6945242786101682,20.948852705699522,379,95,12
MLP,G,20.76604267560394,27.237568833492915,0.646086734534735,21.059976754823424,379,95,13
MLP,G,16.434442179727533,21.08067362574192,0.810796063635765,16.6508877626498,379,95,14
MLP,G,15.746756682119507,22.79704642845403,0.774889503404297,17.506985728066375,379,95,15
MLP,G,17.608297860683507,23.433658451628283,0.7503223600362418,20.348689089709875,379,95,16
MLP,G,15.591074038475982,20.0338019436436,0.8055778505270343,18.19496095335347,379,95,17
MLP,G,13.474939793456356,18.078702188547467,0.8187108879540332,16.54547855428489,379,95,18
MLP,G,15.818512104655866,20.967045718347112,0.7852379044474299,17.940491507853277,379,95,19
MLP,G,16.576511905763116,20.79874689973177,0.7607775158648544,18.26920924549989,379,95,20
MLP,G,20.123218459099437,26.477878655215804,0.7228821189196761,19.407525038743607,379,95,21
MLP,G,20.93665693907884,26.958245802443898,0.7089414457545655,21.96336985203552,379,95,22
MLP,G,19.56150976945627,24.113266861768516,0.4647626064805407,26.492115224727087,379,95,23
MLP,G,19.269014608197637,26.42987884838978,0.583089726805504,20.037002227115078,379,95,24
MLP,G,21.31156828990776,27.24171489599903,0.6663934369452991,21.21878719736304,379,95,25
MLP,G,18.95581906390951,25.278051786553014,0.6806464295568058,19.65793341655777,379,95,26
MLP,G,22.158630055460616,31.59701520037366,0.5524847403630944,18.59104911834139,379,95,27
MLP,G,19.10353952936069,24.05393350803952,0.7286150713297942,17.42981059218259,379,95,28
MLP,G,22.17293815305921,27.7312990749225,0.6046620168049026,25.16395137894809,379,95,29
MLP,G,20.71894931517705,23.965664308858955,0.7006744802743092,23.733280715010284,379,95,30
MLP,G,18.225546273292395,24.396081599376252,0.7187884905948019,20.317314564969667,379,95,31
MLP,G,15.630606691787229,19.936835333154765,0.7591835972952135,17.34757082571975,379,95,32
MLP,G,19.540850590887143,24.999548728111314,0.612617919621367,21.055166679515892,379,95,33
MLP,G,20.847176502817266,27.607791562149323,0.6601311188100532,20.704727664086473,379,95,34
MLP,G,18.184455884514982,23.58995684890403,0.7400333925737193,17.09446797937972,379,95,35
MLP,G,17.027770141841376,22.271878972952884,0.7781550577402342,15.960297861351268,379,95,36
MLP,G,23.036820370585577,30.305362011991328,0.59104050051841,21.358446229471284,379,95,37
MLP,G,20.533168546968703,29.443352178755944,0.6333506843282453,18.73589983724091,379,95,38
MLP,G,18.87553742722452,24.599384072582712,0.6861764699348365,18.369927743869667,379,95,39
MLP,G,26.78060478908231,32.88499669324346,0.4977165670064564,24.21041506957888,379,95,40
MLP,G,18.19898090395262,23.049108780531647,0.7790293941348257,16.927358491948414,379,95,41
MLP,G,22.671467085345075,28.251533416172943,0.45557125008879407,23.119721419810414,379,95,42
MLP,G,21.86040261030799,26.40930443408037,0.5281954992020673,21.57234122551963,379,95,43
MLP,G,15.18839489880722,20.252055210606354,0.7691151328520922,18.562880772918717,379,95,44
MLP,G,18.353656368171404,24.38732806584816,0.6790557334798082,17.151123402782446,379,95,45
MLP,G,17.711755971393742,23.81166605968064,0.6754843454616308,16.39962878154052,379,95,46
MLP,G,22.921975969867976,28.479318270972392,0.5270492070086972,20.803256026493827,379,95,47
MLP,G,21.07280711974722,26.559303681466996,0.608599230289727,18.840550449138924,379,95,48
MLP,G,15.493386415549773,20.642566339027898,0.809590853737632,15.778091479725346,379,95,49
MLP,G,14.822661072970284,20.858847888209084,0.7676699428359051,14.908099188193386,379,95,50
MLP,G,16.057829281131195,22.91907305735059,0.7594054782595678,14.215027672933859,379,95,51
MLP,G,16.497825050663568,22.35574199992476,0.7195995353304805,18.387519641299026,379,95,52
MLP,G,15.293830340392383,19.778708670708067,0.715355620682218,15.754535285791773,379,95,53
MLP,G,18.550125556847917,24.07049476356409,0.6122165906199708,18.129394777151038,379,95,54
MLP,G,19.447903992174158,26.15528562095614,0.632968119135108,18.047653595454868,379,95,55
MLP,G,21.906885843813974,29.0514271736824,0.5430914631549113,19.7253836502103,379,95,56
MLP,G,20.964981938181595,23.979345931697544,0.6224936353506274,23.465078679150448,379,95,57
MLP,G,23.077621375264762,27.49230783214561,0.5734480795071717,26.481887938632454,379,95,58
MLP,G,18.368279011488525,24.108385256005693,0.7405810883450464,16.980587027306846,379,95,59
MLP,G,20.296755559301314,27.36165298279425,0.6525663238269803,17.167987684443066,379,95,60
MLP,G,17.37044473119036,23.151419103208486,0.7358698735876361,15.633132539465326,379,95,61
MLP,G,16.078603457115836,20.98988762837205,0.7380661241550692,15.46813104469348,379,95,62
MLP,G,25.0342580042181,30.20253958327086,0.46756191375433265,23.52964168631248,379,95,63
MLP,G,21.790907756311274,31.114682944137403,0.5213299615491944,17.643910117979015,379,95,64
MLP,G,14.467733035601002,20.043832055387295,0.7690342388898145,15.53391116235601,379,95,65
MLP,G,14.456601582879964,19.341698230720727,0.7336725830094479,16.80624531568096,379,95,66
MLP,G,12.984579254961448,16.955693266044864,0.843986849615153,13.603168767506995,379,95,67
MLP,G,16.983629932322337,23.436953786739693,0.6238952777825832,18.103128435979848,379,95,68
MLP,G,24.73370880481565,32.108470661098764,0.4992707569685849,26.755201970659257,379,95,69
MLP,G,19.497983257273823,24.983142026186645,0.6863314644563752,20.236213536359003,379,95,70
MLP,G,18.290180452778202,23.07682211605728,0.6441023314369185,21.186502645845323,379,95,71
MLP,G,17.173681515061006,22.417083498715492,0.7530495982750046,16.353759369122812,379,95,72
MLP,G,22.42484044199532,29.730200183171377,0.6201641561325512,20.1710771509517,379,95,73
MLP,G,18.592338860745862,23.270300584508657,0.6861604928018309,19.53292715130544,379,95,74
MLP,G,22.68273136801632,29.60310607334648,0.6035152710142299,23.36921822067782,379,95,75
MLP,G,25.829432633232663,31.621235342596957,0.5590958258468566,24.326657996978053,379,95,76
MLP,G,26.73986856996672,34.18919814997221,0.08392465312096342,29.866615674553408,379,95,77
MLP,G,18.754345240131677,24.22293814719926,0.6434217314259367,18.00320941833081,379,95,78
MLP,G,14.377292755921719,20.133095967212544,0.7214679864927926,13.237265983086624,379,95,79
MLP,G,13.214880700556657,16.67622782578968,0.8419993430966813,11.562688356534926,379,95,80
MLP,G,21.12667425396634,28.470184503117448,0.5548456053185626,19.208207342588175,379,95,81
MLP,G,18.582575337698703,27.485370145031435,0.49589168592472377,16.60710736622463,379,95,82
MLP,G,13.93912938364285,18.071506947443453,0.6685346077758924,17.6875700269417,379,95,83
MLP,G,24.550381451722778,29.918757900792393,0.496586852164396,26.505069809320748,379,95,84
MLP,G,21.959018716747128,26.958283324562615,0.6400109796740563,22.544609459386947,379,95,85
MLP,G,20.83082598727921,27.609600533210212,0.6234045403864747,18.595797729144444,379,95,86
MLP,G,18.235346894043648,24.0227884684804,0.6659760477717541,16.3249143998344,379,95,87
MLP,G,20.327715801707548,27.0439071714558,0.5994773064023078,20.11174803426867,379,95,88
MLP,G,27.59366192512096,35.572985568245755,0.23923863772592813,24.907650383342407,379,95,89
MLP,G,27.878833028419155,33.32062309196131,0.33481560309474445,24.547635608824155,379,95,90
MLP,G,26.704935713694066,33.478264584541925,0.3880262077354437,23.231590538072986,379,95,91
MLP,G,18.575729319100105,25.352747358220146,0.5565778904865903,17.69259653085279,379,95,92
MLP,G,25.887942789931945,32.390910844460954,0.45454902508737016,22.679300494727308,379,95,93
MLP,G,21.52878575774935,27.31460259263588,0.6318491389514483,19.319073870985733,379,95,94
MLP,G,21.941511794979398,28.630382873117853,0.5343815684957667,19.042099240176384,379,95,95
MLP,G,19.534289122869353,25.81333024666046,0.6664029123990036,19.002444053886506,379,95,96
MLP,G,18.92146290952081,24.107501383952165,0.6225814288937735,15.533460397301782,379,95,97
MLP,G,17.67529755531597,21.474408455528632,0.6951115057645478,18.14576787536665,379,95,98
MLP,G,18.16090725850149,24.351957129779954,0.757905891247668,16.02576317499877,379,95,99
