mae,rmse,r2,mape_pct,n_train,n_test,seed,n_test_geom,n_train_geom,held_out_geometries
11.77119268639137,15.720687764663179,0.8936067406359379,12.39056699875577,379,95,0,8,27,G0001|G0002|G0003|G0012|G0013|G0026|G0032|G0033
8.272253925072837,12.321076818353797,0.8196369977534358,11.088113134607458,379,95,1,7,28,G0001|G0002|G0004|G0009|G0010|G0014|G0030
8.280534676736004,11.11217476534598,0.8517394896670835,11.603372107682517,379,95,2,7,28,G0001|G0002|G0004|G0009|G0011|G0013|G0014
10.345204533502175,14.812918374864715,0.9137431998540981,11.109960389006936,379,95,3,8,27,G0001|G0002|G0020|G0022|G0027|G0031|G0033|G0034
13.903567712372238,19.031258892282178,0.8474188809512008,13.475219459950601,379,95,4,9,26,G0001|G0003|G0010|G0012|G0017|G0024|G0026|G0034|G0035
9.820072358471158,12.91532950614563,0.9015235351357096,10.89981675884037,379,95,5,8,27,G0001|G0004|G0006|G0014|G0015|G0017|G0018|G0032
11.263952923457897,16.152498411730374,0.8850407621387933,11.228802666800563,379,95,6,8,27,G0001|G0005|G0015|G0017|G0020|G0023|G0027|G0032
10.851174394930343,15.181417342923979,0.8932076412535392,10.816491071255754,379,95,7,7,28,G0001|G0006|G0014|G0021|G0022|G0029|G0032
15.74389912463003,21.39272363331882,0.8013759858059261,15.075627162161368,379,95,8,9,26,G0001|G0012|G0013|G0019|G0021|G0022|G0026|G0027|G0034
11.413129429884348,18.230966040250376,0.8563710423677829,10.610173493608428,379,95,9,8,27,G0002|G0003|G0004|G0010|G0020|G0021|G0026|G0027
10.901088413554652,15.284484004805739,0.8584773488907225,11.827323283146328,379,95,10,10,25,G0002|G0003|G0004|G0012|G0014|G0017|G0022|G0023|G0026|G0034
9.041605630453626,14.167622376664221,0.9036947117469409,9.32019750784186,379,95,11,10,25,G0002|G0003|G0010|G0014|G0017|G0019|G0021|G0024|G0028|G0034
10.95367178490629,16.46780402388257,0.8655978002586093,10.347563807616812,379,95,12,11,24,G0002|G0004|G0006|G0013|G0014|G0017|G0019|G0020|G0027|G0032|G0034
12.911501843385203,17.43800985776878,0.8549378876015239,12.516008782893687,379,95,13,8,27,G0002|G0004|G0009|G0023|G0026|G0027|G0030|G0035
10.133772965602299,15.586560983382965,0.8965663608828103,8.815449941230499,379,95,14,11,24,G0002|G0004|G0014|G0017|G0021|G0026|G0027|G0028|G0031|G0033|G0034
9.027728617037898,13.812860536582384,0.9173570459657188,8.950251503585656,379,95,15,10,25,G0002|G0005|G0006|G0009|G0013|G0017|G0027|G0031|G0034|G0035
8.70827432010446,14.36892159795772,0.9061254627159073,8.769556491136612,379,95,16,10,25,G0002|G0005|G0006|G0014|G0017|G0019|G0020|G0022|G0026|G0027
8.525399702718982,12.431712452262493,0.9251346428382033,8.727587808581843,379,95,17,9,26,G0002|G0005|G0006|G0015|G0017|G0019|G0026|G0028|G0032
9.238453016706016,13.92435393280147,0.8924557171160944,10.433035407335923,379,95,18,11,24,G0002|G0005|G0009|G0010|G0013|G0014|G0017|G0020|G0022|G0027|G0034
12.438506366352826,17.85887130364157,0.8441914937812127,12.823534077073766,379,95,19,10,25,G0002|G0005|G0010|G0012|G0014|G0023|G0026|G0027|G0029|G0034
9.538940091677885,14.240305836642301,0.887858518519835,9.568139595589884,379,95,20,9,26,G0002|G0005|G0010|G0018|G0020|G0025|G0027|G0030|G0034
13.352700483715402,19.631255327653825,0.8476668867911835,11.976112453390154,379,95,21,10,25,G0002|G0005|G0014|G0015|G0017|G0028|G0030|G0032|G0033|G0035
12.522576131222497,17.97017722237401,0.8706692397858186,11.233732761973275,379,95,22,9,26,G0002|G0005|G0015|G0020|G0021|G0026|G0030|G0031|G0034
9.96896713962775,13.258832679656479,0.8381752584087317,12.979903539127191,379,95,23,8,27,G0002|G0006|G0007|G0010|G0011|G0013|G0017|G0026
10.217725627700297,14.610361833007723,0.8725986015242356,11.063162730754007,379,95,24,11,24,G0002|G0006|G0010|G0013|G0014|G0015|G0017|G0020|G0023|G0030|G0034
11.249406968638256,16.699295712110413,0.8746391264698098,10.580851041338935,379,95,25,10,25,G0002|G0006|G0010|G0015|G0017|G0020|G0022|G0027|G0032|G0034
11.35834871339843,16.050047665074025,0.8712529666676907,10.815022769231195,379,95,26,10,25,G0002|G0006|G0013|G0014|G0022|G0023|G0026|G0027|G0031|G0032
13.662396221094822,20.51521847566506,0.8113451289252297,10.668638536982812,379,95,27,10,25,G0002|G0006|G0013|G0014|G0027|G0030|G0031|G0032|G0033|G0035
13.197042135071406,18.654484902275257,0.8367774958863518,11.67939953542513,379,95,28,11,24,G0002|G0006|G0013|G0015|G0017|G0020|G0025|G0026|G0032|G0033|G0034
13.151832879887301,18.436719186726144,0.8252587673387214,12.695987823644359,379,95,29,10,25,G0002|G0007|G0013|G0017|G0021|G0025|G0026|G0027|G0030|G0034
11.269680463749133,16.901139439895754,0.8511335707630576,10.963313732023963,379,95,30,9,26,G0002|G0007|G0015|G0017|G0019|G0026|G0030|G0032|G0034
10.354872797518555,15.219416938480835,0.8905567537431518,10.614386200314348,379,95,31,9,26,G0002|G0008|G0014|G0015|G0017|G0018|G0020|G0022|G0027
11.644753507484948,16.756482323646026,0.8298862859979528,12.170915142654062,379,95,32,9,26,G0002|G0009|G0010|G0017|G0022|G0025|G0026|G0028|G0032
14.223364555383874,17.94319796481037,0.8004393609211601,15.536814468951599,379,95,33,9,26,G0002|G0009|G0011|G0012|G0013|G0014|G0017|G0019|G0031
14.19474235236445,19.835557110945313,0.8245566656397,13.544829846784442,379,95,34,10,25,G0002|G0010|G0011|G0017|G0026|G0027|G0029|G0030|G0034|G0035
11.7358522696068,16.968422789906025,0.8654925848060127,10.586250547906372,379,95,35,11,24,G0002|G0010|G0012|G0013|G0014|G0017|G0029|G0031|G0032|G0033|G0034
13.640408029203,18.564652845429503,0.845862084714214,11.63623882105714,379,95,36,10,25,G0002|G0010|G0012|G0014|G0017|G0019|G0026|G0029|G0032|G0033
12.171146924326834,18.631091750512503,0.8454325802024818,10.516504413376312,379,95,37,11,24,G0002|G0010|G0013|G0014|G0023|G0025|G0027|G0028|G0033|G0034|G0035
14.161772838285886,18.46140694316239,0.855852882450375,13.398961278782764,379,95,38,9,26,G0002|G0011|G0013|G0020|G0022|G0025|G0026|G0027|G0035
13.285836154431234,18.654483286993493,0.8195306372769277,12.490032464016595,379,95,39,9,26,G0002|G0012|G0013|G0014|G0018|G0020|G0023|G0027|G0029
16.63572344867566,22.221052367830517,0.7706585813744644,13.784807939206752,379,95,40,10,25,G0002|G0012|G0013|G0014|G0018|G0024|G0025|G0027|G0032|G0035
14.377949573934066,20.032711759387713,0.8330810224697818,12.084861852464535,379,95,41,11,24,G0002|G0013|G0017|G0021|G0026|G0028|G0030|G0031|G0033|G0034|G0035
13.168829483019882,18.189220142650015,0.7743241123524927,12.548919125029059,379,95,42,10,25,G0003|G0004|G0010|G0013|G0017|G0023|G0025|G0027|G0032|G0034
13.499410170091386,17.576438082463,0.7910175141507758,13.327133479938128,379,95,43,9,26,G0003|G0004|G0013|G0017|G0018|G0019|G0025|G0026|G0032
9.465266674212895,14.576692338673682,0.8803878660331153,9.550480649847689,379,95,44,7,28,G0003|G0005|G0007|G0010|G0017|G0021|G0032
12.56281363907469,18.27016720535029,0.8198699272416158,12.293542449023308,379,95,45,8,27,G0003|G0006|G0010|G0014|G0020|G0023|G0024|G0033
12.489895883268776,16.39560589499089,0.8461452083717047,11.981720729970338,379,95,46,9,26,G0003|G0011|G0012|G0013|G0014|G0015|G0026|G0031|G0032
12.990633638659766,18.62920413878733,0.7976303487413774,11.424552619858945,379,95,47,10,25,G0003|G0014|G0020|G0023|G0026|G0027|G0028|G0031|G0032|G0034
11.259283129089757,14.178134478590412,0.8884610662656554,11.08525427155134,379,95,48,7,28,G0003|G0015|G0018|G0020|G0023|G0031|G0033
12.615929903710347,17.73749320593481,0.8594130814069179,11.386273348025076,379,95,49,8,27,G0003|G0016|G0017|G0021|G0026|G0032|G0033|G0034
12.73828470763216,18.022144046052652,0.8265646271491695,13.399684537932306,379,95,50,9,26,G0004|G0005|G0006|G0011|G0014|G0017|G0025|G0026|G0035
11.04351516850148,15.872186103628824,0.8846108084873257,10.29965822284025,379,95,51,11,24,G0004|G0005|G0010|G0014|G0015|G0017|G0026|G0030|G0032|G0034|G0035
10.511229843367726,15.84742422925411,0.8590977529593312,10.214842469974819,379,95,52,10,25,G0004|G0005|G0013|G0014|G0017|G0022|G0024|G0027|G0028|G0032
11.31341801316658,15.932648898407729,0.8152932711458852,11.367127170315525,379,95,53,10,25,G0004|G0006|G0012|G0014|G0017|G0018|G0019|G0026|G0028|G0034
11.801166458748403,15.551186319869696,0.8381375015665937,11.734557111862921,379,95,54,10,25,G0004|G0006|G0013|G0014|G0023|G0026|G0030|G0031|G0033|G0034
13.230678880053395,18.880192108861895,0.8087516604065399,11.892757472884039,379,95,55,9,26,G0004|G0006|G0013|G0023|G0024|G0027|G0028|G0034|G0035
15.682128100745812,20.599116831466233,0.7702838497619796,13.509093705167102,379,95,56,9,26,G0004|G0006|G0023|G0024|G0026|G0027|G0030|G0034|G0035
11.78952887872993,16.338056484145206,0.82475307813323,11.583491239129996,379,95,57,8,27,G0004|G0007|G0012|G0014|G0017|G0019|G0026|G0031
10.72865873974679,15.436559741020226,0.8655222167409177,10.688080689121472,379,95,58,8,27,G0004|G0007|G0014|G0015|G0024|G0027|G0031|G0034
12.241494850740082,17.50701121954976,0.8631989574148793,10.886384626172928,379,95,59,9,26,G0004|G0010|G0013|G0015|G0017|G0020|G0021|G0028|G0035
11.608324820342812,16.50496063823558,0.8735798689272294,10.268748928686247,379,95,60,10,25,G0004|G0010|G0013|G0015|G0017|G0024|G0027|G0029|G0034|G0035
11.932079374717908,16.72583176445401,0.862140038258858,11.124539032306973,379,95,61,8,27,G0004|G0010|G0015|G0021|G0024|G0026|G0030|G0033
16.75696522873071,22.268351391132704,0.7051863594581214,17.324310541023742,379,95,62,9,26,G0004|G0011|G0013|G0018|G0019|G0024|G0026|G0027|G0034
13.624230024990247,18.356728710737872,0.8033143077334058,12.40937795531302,379,95,63,9,26,G0004|G0012|G0015|G0020|G0022|G0026|G0027|G0030|G0034
12.898175041228011,17.271099364990345,0.8525158158439308,11.345015869748941,379,95,64,7,28,G0004|G0019|G0022|G0027|G0029|G0031|G0035
10.546682812012355,15.391289526127101,0.8638128570254595,10.804422978098449,379,95,65,9,26,G0005|G0006|G0009|G0013|G0014|G0020|G0024|G0025|G0026
8.58047159941232,11.939414535462717,0.8985171318294257,9.298136539224162,379,95,66,9,26,G0005|G0006|G0009|G0017|G0023|G0026|G0028|G0031|G0034
8.075138849930697,11.153381400588279,0.9324938700731111,8.383675977018596,379,95,67,9,26,G0005|G0006|G0013|G0019|G0026|G0028|G0029|G0033|G0034
10.406470961613426,15.379106661961288,0.838054577485226,10.863207282846385,379,95,68,9,26,G0005|G0008|G0013|G0014|G0017|G0025|G0028|G0029|G0032
12.000033923081183,16.428890055479176,0.8689068011521324,12.19661884066922,379,95,69,9,26,G0005|G0009|G0010|G0019|G0022|G0026|G0027|G0033|G0034
12.045139346515318,16.624653743086757,0.8611064559130807,11.132484564279697,379,95,70,9,26,G0005|G0009|G0014|G0017|G0021|G0024|G0026|G0029|G0030
10.978434056654171,15.397216378622623,0.8415626520438911,13.11423407499154,379,95,71,8,27,G0005|G0010|G0011|G0014|G0022|G0025|G0028|G0033
12.375658882529766,17.267454743548114,0.8534762008028047,11.22994158056036,379,95,72,11,24,G0005|G0010|G0012|G0013|G0014|G0015|G0026|G0028|G0032|G0033|G0034
16.307626343957086,20.956355628799447,0.8112739727397544,15.422699876207979,379,95,73,9,26,G0005|G0011|G0012|G0015|G0017|G0019|G0026|G0027|G0035
14.314067304547766,18.503846657012218,0.801560708227693,16.11728344788965,379,95,74,10,25,G0005|G0011|G0014|G0015|G0017|G0019|G0022|G0027|G0030|G0034
15.679433909123999,20.660022547877837,0.8068861223641743,16.14064601804488,379,95,75,8,27,G0005|G0011|G0014|G0019|G0020|G0021|G0022|G0027
12.460557077865202,15.831844694495201,0.8894777831563089,12.288325937679318,379,95,76,8,27,G0005|G0013|G0015|G0019|G0021|G0023|G0024|G0033
8.988772123927637,13.257571549650061,0.8622532615617788,10.260863838427326,379,95,77,7,28,G0006|G0007|G0010|G0013|G0025|G0028|G0033
10.896429266802416,15.946469023683377,0.8454637751905374,10.137021164893593,379,95,78,9,26,G0006|G0009|G0010|G0014|G0020|G0024|G0026|G0027|G0030
13.088930769222948,17.75785698848813,0.7833118810261325,13.238021981345666,379,95,79,10,25,G0006|G0009|G0011|G0013|G0014|G0020|G0026|G0027|G0030|G0034
10.016691974275604,13.724498631631363,0.8929821480388284,9.204880755185316,379,95,80,10,25,G0006|G0009|G0013|G0014|G0017|G0020|G0024|G0026|G0031|G0033
15.191891174516252,21.326301415740645,0.750217971637483,13.432115013524045,379,95,81,9,26,G0006|G0010|G0012|G0014|G0018|G0022|G0025|G0026|G0035
12.890795498968986,17.52313572833069,0.7950988811027856,12.664827472284207,379,95,82,9,26,G0006|G0011|G0014|G0018|G0025|G0026|G0029|G0032|G0034
10.290834310067083,15.299213472246766,0.7624321529424218,12.384416691287612,379,95,83,7,28,G0007|G0008|G0011|G0013|G0014|G0027|G0028
8.94855441741571,13.86580926431511,0.8918745622784692,8.009848681445607,379,95,84,10,25,G0007|G0014|G0017|G0020|G0026|G0027|G0028|G0031|G0033|G0034
11.61920904092098,16.744488076097024,0.8611171764272233,10.203489279870098,379,95,85,8,27,G0007|G0014|G0020|G0022|G0026|G0028|G0032|G0035
13.922188536369017,19.316010627044758,0.8156726817141344,12.803641889637408,379,95,86,7,28,G0008|G0010|G0012|G0019|G0020|G0030|G0035
13.565325503206646,18.627358279352396,0.7991678156711431,12.251744081261077,379,95,87,9,26,G0008|G0012|G0013|G0015|G0027|G0030|G0031|G0032|G0034
12.712317374964192,16.162702019648545,0.8569406697269208,12.901150968368016,379,95,88,8,27,G0008|G0019|G0022|G0023|G0025|G0027|G0033|G0034
14.231477624584118,19.432888938792825,0.7729703642417779,12.365645600061532,379,95,89,9,26,G0009|G0010|G0017|G0023|G0025|G0027|G0030|G0032|G0035
16.2152266241913,20.31271315315211,0.7527981613329359,14.725822599190813,379,95,90,11,24,G0009|G0012|G0013|G0014|G0017|G0019|G0025|G0027|G0031|G0034|G0035
15.996533257847386,20.233317014737604,0.7764672704033,13.50269707710495,379,95,91,10,25,G0009|G0012|G0013|G0017|G0019|G0028|G0032|G0033|G0034|G0035
13.33191868849625,18.101425210262125,0.7739560816817992,12.938350575465021,379,95,92,7,28,G0009|G0018|G0020|G0023|G0025|G0028|G0033
15.352073719720947,22.233610741380065,0.7430022052564347,11.985251749160598,379,95,93,11,24,G0010|G0012|G0013|G0014|G0017|G0018|G0020|G0021|G0024|G0026|G0027
16.090012628446367,22.084578310385005,0.7593342601586996,13.172637111586011,379,95,94,10,25,G0010|G0014|G0020|G0021|G0023|G0027|G0028|G0030|G0034|G0035
17.209501817181764,21.84969360191077,0.7288144439722856,15.494694560265227,379,95,95,10,25,G0011|G0014|G0017|G0018|G0021|G0024|G0026|G0027|G0030|G0032
14.06782600510957,18.790705498423,0.8232252029898844,12.799885729578502,379,95,96,7,28,G0011|G0020|G0021|G0022|G0024|G0028|G0032
13.300332523932457,17.662761137631293,0.7974015786864088,11.535217996016156,379,95,97,10,25,G0012|G0014|G0017|G0018|G0024|G0026|G0027|G0029|G0030|G0033
10.239806431345862,13.267501299202388,0.883620390847518,9.723572657357115,379,95,98,8,27,G0013|G0018|G0020|G0023|G0026|G0028|G0029|G0031
14.494278788535928,20.732985198515028,0.8245149372122271,12.635016321767228,379,95,99,8,27,G0014|G0015|G0016|G0021|G0027|G0031|G0034|G0035
